CREATE DATABASE  IF NOT EXISTS `sql11172899` /*!40100 DEFAULT CHARACTER SET latin1 */;
USE `sql11172899`;
-- MySQL dump 10.13  Distrib 5.7.17, for Win64 (x86_64)
--
-- Host: sql11.freemysqlhosting.net    Database: sql11172899
-- ------------------------------------------------------
-- Server version	5.5.53-0ubuntu0.14.04.1

/*!40101 SET @OLD_CHARACTER_SET_CLIENT=@@CHARACTER_SET_CLIENT */;
/*!40101 SET @OLD_CHARACTER_SET_RESULTS=@@CHARACTER_SET_RESULTS */;
/*!40101 SET @OLD_COLLATION_CONNECTION=@@COLLATION_CONNECTION */;
/*!40101 SET NAMES utf8 */;
/*!40103 SET @OLD_TIME_ZONE=@@TIME_ZONE */;
/*!40103 SET TIME_ZONE='+00:00' */;
/*!40014 SET @OLD_UNIQUE_CHECKS=@@UNIQUE_CHECKS, UNIQUE_CHECKS=0 */;
/*!40014 SET @OLD_FOREIGN_KEY_CHECKS=@@FOREIGN_KEY_CHECKS, FOREIGN_KEY_CHECKS=0 */;
/*!40101 SET @OLD_SQL_MODE=@@SQL_MODE, SQL_MODE='NO_AUTO_VALUE_ON_ZERO' */;
/*!40111 SET @OLD_SQL_NOTES=@@SQL_NOTES, SQL_NOTES=0 */;

--
-- Table structure for table `AspNetRoleClaims`
--

DROP TABLE IF EXISTS `AspNetRoleClaims`;
/*!40101 SET @saved_cs_client     = @@character_set_client */;
/*!40101 SET character_set_client = utf8 */;
CREATE TABLE `AspNetRoleClaims` (
  `Id` int(11) NOT NULL,
  `ClaimType` longtext,
  `ClaimValue` longtext,
  `RoleId` varchar(127) NOT NULL,
  PRIMARY KEY (`Id`),
  KEY `IX_AspNetRoleClaims_RoleId` (`RoleId`),
  CONSTRAINT `FK_AspNetRoleClaims_AspNetRoles_RoleId` FOREIGN KEY (`RoleId`) REFERENCES `AspNetRoles` (`Id`) ON DELETE CASCADE
) ENGINE=InnoDB DEFAULT CHARSET=latin1;
/*!40101 SET character_set_client = @saved_cs_client */;

--
-- Dumping data for table `AspNetRoleClaims`
--

LOCK TABLES `AspNetRoleClaims` WRITE;
/*!40000 ALTER TABLE `AspNetRoleClaims` DISABLE KEYS */;
/*!40000 ALTER TABLE `AspNetRoleClaims` ENABLE KEYS */;
UNLOCK TABLES;

--
-- Table structure for table `AspNetRoles`
--

DROP TABLE IF EXISTS `AspNetRoles`;
/*!40101 SET @saved_cs_client     = @@character_set_client */;
/*!40101 SET character_set_client = utf8 */;
CREATE TABLE `AspNetRoles` (
  `Id` varchar(127) NOT NULL,
  `ConcurrencyStamp` longtext,
  `Name` varchar(256) DEFAULT NULL,
  `NormalizedName` varchar(256) DEFAULT NULL,
  PRIMARY KEY (`Id`),
  KEY `RoleNameIndex` (`NormalizedName`)
) ENGINE=InnoDB DEFAULT CHARSET=latin1;
/*!40101 SET character_set_client = @saved_cs_client */;

--
-- Dumping data for table `AspNetRoles`
--

LOCK TABLES `AspNetRoles` WRITE;
/*!40000 ALTER TABLE `AspNetRoles` DISABLE KEYS */;
/*!40000 ALTER TABLE `AspNetRoles` ENABLE KEYS */;
UNLOCK TABLES;

--
-- Table structure for table `AspNetUserClaims`
--

DROP TABLE IF EXISTS `AspNetUserClaims`;
/*!40101 SET @saved_cs_client     = @@character_set_client */;
/*!40101 SET character_set_client = utf8 */;
CREATE TABLE `AspNetUserClaims` (
  `Id` int(11) NOT NULL,
  `ClaimType` longtext,
  `ClaimValue` longtext,
  `UserId` varchar(127) NOT NULL,
  PRIMARY KEY (`Id`),
  KEY `IX_AspNetUserClaims_UserId` (`UserId`),
  CONSTRAINT `FK_AspNetUserClaims_AspNetUsers_UserId` FOREIGN KEY (`UserId`) REFERENCES `AspNetUsers` (`Id`) ON DELETE CASCADE
) ENGINE=InnoDB DEFAULT CHARSET=latin1;
/*!40101 SET character_set_client = @saved_cs_client */;

--
-- Dumping data for table `AspNetUserClaims`
--

LOCK TABLES `AspNetUserClaims` WRITE;
/*!40000 ALTER TABLE `AspNetUserClaims` DISABLE KEYS */;
/*!40000 ALTER TABLE `AspNetUserClaims` ENABLE KEYS */;
UNLOCK TABLES;

--
-- Table structure for table `AspNetUserLogins`
--

DROP TABLE IF EXISTS `AspNetUserLogins`;
/*!40101 SET @saved_cs_client     = @@character_set_client */;
/*!40101 SET character_set_client = utf8 */;
CREATE TABLE `AspNetUserLogins` (
  `LoginProvider` varchar(127) NOT NULL,
  `ProviderKey` varchar(127) NOT NULL,
  `ProviderDisplayName` longtext,
  `UserId` varchar(127) NOT NULL,
  PRIMARY KEY (`LoginProvider`,`ProviderKey`),
  KEY `IX_AspNetUserLogins_UserId` (`UserId`),
  CONSTRAINT `FK_AspNetUserLogins_AspNetUsers_UserId` FOREIGN KEY (`UserId`) REFERENCES `AspNetUsers` (`Id`) ON DELETE CASCADE
) ENGINE=InnoDB DEFAULT CHARSET=latin1;
/*!40101 SET character_set_client = @saved_cs_client */;

--
-- Dumping data for table `AspNetUserLogins`
--

LOCK TABLES `AspNetUserLogins` WRITE;
/*!40000 ALTER TABLE `AspNetUserLogins` DISABLE KEYS */;
/*!40000 ALTER TABLE `AspNetUserLogins` ENABLE KEYS */;
UNLOCK TABLES;

--
-- Table structure for table `AspNetUserRoles`
--

DROP TABLE IF EXISTS `AspNetUserRoles`;
/*!40101 SET @saved_cs_client     = @@character_set_client */;
/*!40101 SET character_set_client = utf8 */;
CREATE TABLE `AspNetUserRoles` (
  `UserId` varchar(127) NOT NULL,
  `RoleId` varchar(127) NOT NULL,
  PRIMARY KEY (`UserId`,`RoleId`),
  KEY `IX_AspNetUserRoles_RoleId` (`RoleId`),
  KEY `IX_AspNetUserRoles_UserId` (`UserId`),
  CONSTRAINT `FK_AspNetUserRoles_AspNetRoles_RoleId` FOREIGN KEY (`RoleId`) REFERENCES `AspNetRoles` (`Id`) ON DELETE CASCADE,
  CONSTRAINT `FK_AspNetUserRoles_AspNetUsers_UserId` FOREIGN KEY (`UserId`) REFERENCES `AspNetUsers` (`Id`) ON DELETE CASCADE
) ENGINE=InnoDB DEFAULT CHARSET=latin1;
/*!40101 SET character_set_client = @saved_cs_client */;

--
-- Dumping data for table `AspNetUserRoles`
--

LOCK TABLES `AspNetUserRoles` WRITE;
/*!40000 ALTER TABLE `AspNetUserRoles` DISABLE KEYS */;
/*!40000 ALTER TABLE `AspNetUserRoles` ENABLE KEYS */;
UNLOCK TABLES;

--
-- Table structure for table `AspNetUserTokens`
--

DROP TABLE IF EXISTS `AspNetUserTokens`;
/*!40101 SET @saved_cs_client     = @@character_set_client */;
/*!40101 SET character_set_client = utf8 */;
CREATE TABLE `AspNetUserTokens` (
  `UserId` varchar(127) NOT NULL,
  `LoginProvider` varchar(127) NOT NULL,
  `Name` varchar(127) NOT NULL,
  `Value` longtext,
  PRIMARY KEY (`UserId`,`LoginProvider`,`Name`)
) ENGINE=InnoDB DEFAULT CHARSET=latin1;
/*!40101 SET character_set_client = @saved_cs_client */;

--
-- Dumping data for table `AspNetUserTokens`
--

LOCK TABLES `AspNetUserTokens` WRITE;
/*!40000 ALTER TABLE `AspNetUserTokens` DISABLE KEYS */;
/*!40000 ALTER TABLE `AspNetUserTokens` ENABLE KEYS */;
UNLOCK TABLES;

--
-- Table structure for table `AspNetUsers`
--

DROP TABLE IF EXISTS `AspNetUsers`;
/*!40101 SET @saved_cs_client     = @@character_set_client */;
/*!40101 SET character_set_client = utf8 */;
CREATE TABLE `AspNetUsers` (
  `Id` varchar(127) NOT NULL,
  `AccessFailedCount` int(11) NOT NULL,
  `ConcurrencyStamp` longtext,
  `Email` varchar(256) DEFAULT NULL,
  `EmailConfirmed` bit(1) NOT NULL,
  `LockoutEnabled` bit(1) NOT NULL,
  `LockoutEnd` datetime DEFAULT NULL,
  `NormalizedEmail` varchar(256) DEFAULT NULL,
  `NormalizedUserName` varchar(256) DEFAULT NULL,
  `PasswordHash` longtext,
  `PhoneNumber` longtext,
  `PhoneNumberConfirmed` bit(1) NOT NULL,
  `SecurityStamp` longtext,
  `TwoFactorEnabled` bit(1) NOT NULL,
  `UserName` varchar(256) DEFAULT NULL,
  PRIMARY KEY (`Id`),
  UNIQUE KEY `UserNameIndex` (`NormalizedUserName`),
  KEY `EmailIndex` (`NormalizedEmail`)
) ENGINE=InnoDB DEFAULT CHARSET=latin1;
/*!40101 SET character_set_client = @saved_cs_client */;

--
-- Dumping data for table `AspNetUsers`
--

LOCK TABLES `AspNetUsers` WRITE;
/*!40000 ALTER TABLE `AspNetUsers` DISABLE KEYS */;
INSERT INTO `AspNetUsers` VALUES ('59b8a0b5-d3ea-405a-91a1-a3e250cf8663',0,'32b6448f-04bb-4357-b8f1-dde5abfbe73f','bla@bla.com','\0','',NULL,'BLA@BLA.COM','BLA@BLA.COM','AQAAAAEAACcQAAAAEI3wo2MguQki0ptQBAeca5SedCB/C2np4Wsh5g15D06ShjSyBSAiRjcCY6qVbqr7Jw==',NULL,'\0','9e295666-aff0-4cdf-9e4f-f9e28ba9a458','\0','bla@bla.com');
/*!40000 ALTER TABLE `AspNetUsers` ENABLE KEYS */;
UNLOCK TABLES;

--
-- Table structure for table `People`
--

DROP TABLE IF EXISTS `People`;
/*!40101 SET @saved_cs_client     = @@character_set_client */;
/*!40101 SET character_set_client = utf8 */;
CREATE TABLE `People` (
  `Id` int(11) NOT NULL AUTO_INCREMENT,
  `FirstName` varchar(45) DEFAULT NULL,
  `LastName` varchar(45) DEFAULT NULL,
  `EMail` varchar(45) DEFAULT NULL,
  `Telephone` varchar(45) DEFAULT NULL,
  PRIMARY KEY (`Id`)
) ENGINE=InnoDB AUTO_INCREMENT=24 DEFAULT CHARSET=latin1;
/*!40101 SET character_set_client = @saved_cs_client */;

--
-- Dumping data for table `People`
--

LOCK TABLES `People` WRITE;
/*!40000 ALTER TABLE `People` DISABLE KEYS */;
INSERT INTO `People` VALUES (3,'Blah','Meh','meh@blah.com','7777-444'),(4,'Firsty','Lasty','email@mailservice.net','00-000-0000'),(19,'Ducky','McQuacky','ducky@quack.com','123-456'),(20,'Melissa','Giraffini','mgiraffini@geo.com','555-555'),(21,'Cat','Feline','cat@feline.com','094555000'),(22,'Cheese','Macaroni','macaroni@pasta.hr','01/6666-666'),(23,'Sage','Tea','greenbug32@greenhouse.com','32');
/*!40000 ALTER TABLE `People` ENABLE KEYS */;
UNLOCK TABLES;

--
-- Table structure for table `Subscriptions`
--

DROP TABLE IF EXISTS `Subscriptions`;
/*!40101 SET @saved_cs_client     = @@character_set_client */;
/*!40101 SET character_set_client = utf8 */;
CREATE TABLE `Subscriptions` (
  `PersonId` int(11) DEFAULT NULL,
  `TopicId` int(11) DEFAULT NULL,
  KEY `Person_idx` (`PersonId`),
  KEY `Topic_idx` (`TopicId`),
  CONSTRAINT `Person` FOREIGN KEY (`PersonId`) REFERENCES `People` (`Id`) ON DELETE CASCADE ON UPDATE CASCADE,
  CONSTRAINT `Topic` FOREIGN KEY (`TopicId`) REFERENCES `Topics` (`Id`) ON DELETE CASCADE ON UPDATE CASCADE
) ENGINE=InnoDB DEFAULT CHARSET=latin1;
/*!40101 SET character_set_client = @saved_cs_client */;

--
-- Dumping data for table `Subscriptions`
--

LOCK TABLES `Subscriptions` WRITE;
/*!40000 ALTER TABLE `Subscriptions` DISABLE KEYS */;
INSERT INTO `Subscriptions` VALUES (4,1),(4,2),(19,1),(19,2),(19,12),(20,9),(21,1),(21,2),(21,12),(21,14),(22,15),(23,10),(23,13),(23,14),(3,1);
/*!40000 ALTER TABLE `Subscriptions` ENABLE KEYS */;
UNLOCK TABLES;

--
-- Table structure for table `Topics`
--

DROP TABLE IF EXISTS `Topics`;
/*!40101 SET @saved_cs_client     = @@character_set_client */;
/*!40101 SET character_set_client = utf8 */;
CREATE TABLE `Topics` (
  `Id` int(11) NOT NULL AUTO_INCREMENT,
  `Name` varchar(45) DEFAULT NULL,
  PRIMARY KEY (`Id`)
) ENGINE=InnoDB AUTO_INCREMENT=16 DEFAULT CHARSET=latin1;
/*!40101 SET character_set_client = @saved_cs_client */;

--
-- Dumping data for table `Topics`
--

LOCK TABLES `Topics` WRITE;
/*!40000 ALTER TABLE `Topics` DISABLE KEYS */;
INSERT INTO `Topics` VALUES (1,'Ducks'),(2,'Cats'),(9,'Giraffes'),(10,'Pigs'),(11,'Elephants'),(12,'Squirrels'),(13,'Cows'),(14,'Fish'),(15,'Dogs');
/*!40000 ALTER TABLE `Topics` ENABLE KEYS */;
UNLOCK TABLES;

--
-- Table structure for table `__EFMigrationsHistory`
--

DROP TABLE IF EXISTS `__EFMigrationsHistory`;
/*!40101 SET @saved_cs_client     = @@character_set_client */;
/*!40101 SET character_set_client = utf8 */;
CREATE TABLE `__EFMigrationsHistory` (
  `MigrationId` varchar(95) NOT NULL,
  `ProductVersion` varchar(32) NOT NULL,
  PRIMARY KEY (`MigrationId`)
) ENGINE=InnoDB DEFAULT CHARSET=latin1;
/*!40101 SET character_set_client = @saved_cs_client */;

--
-- Dumping data for table `__EFMigrationsHistory`
--

LOCK TABLES `__EFMigrationsHistory` WRITE;
/*!40000 ALTER TABLE `__EFMigrationsHistory` DISABLE KEYS */;
INSERT INTO `__EFMigrationsHistory` VALUES ('00000000000000_CreateIdentitySchema','1.1.1');
/*!40000 ALTER TABLE `__EFMigrationsHistory` ENABLE KEYS */;
UNLOCK TABLES;
/*!40103 SET TIME_ZONE=@OLD_TIME_ZONE */;

/*!40101 SET SQL_MODE=@OLD_SQL_MODE */;
/*!40014 SET FOREIGN_KEY_CHECKS=@OLD_FOREIGN_KEY_CHECKS */;
/*!40014 SET UNIQUE_CHECKS=@OLD_UNIQUE_CHECKS */;
/*!40101 SET CHARACTER_SET_CLIENT=@OLD_CHARACTER_SET_CLIENT */;
/*!40101 SET CHARACTER_SET_RESULTS=@OLD_CHARACTER_SET_RESULTS */;
/*!40101 SET COLLATION_CONNECTION=@OLD_COLLATION_CONNECTION */;
/*!40111 SET SQL_NOTES=@OLD_SQL_NOTES */;

-- Dump completed on 2017-05-09 17:44:48
